FirstName,LastName,Email,PhoneNumber,DateOfBirth,SID
Sheryl,Baxter,zunigavanessa@smith.info,-9929,4/21/1972,47412
Preston,Lozano,vmata@colon.com,-6204,12/23/2004,47413
Roy,Berry,beckycarr@hogan.com,-3029,12/23/2006,47414
Linda,Olsen,stanleyblackwell@benson.org,-6109,10/6/1994,47415
Joanna,Bender,colinalvarado@miles.net,-5264,9/20/2010,47416
Aimee,Downs,louis27@gilbert.com,-6565,7/21/1984,47417
Darren,Peck,tgates@cantrell.com,-2463,10/13/1999,47418
Brett,Mullen,asnow@colon.com,-5267,11/11/2006,47419
Sheryl,Meyers,mariokhan@ryan-pope.org,-2037,8/27/2002,47420
Michelle,Gallagher,mdyer@escobar.net,-3548,11/16/2006,47421
Carl,Schroeder,kirksalas@webb.com,-10831,1/29/1989,47422
Jenna,Dodson,mark42@robbins.com,-7450,3/30/2019,47423
Tracey,Mata,alex56@walls.org,-2692,12/24/1992,47424
Kristine,Cox,holdenmiranda@clarke.com,-615,1/19/1984,47425
Faith,Lutz,cassieparrish@blevins-chapman.net,-9887,3/9/1975,47426
Miranda,Beasley,vduncan@parks-hardy.com,-3255,9/21/1995,47427
Caroline,Foley,holtgwendolyn@watson-davenport.com,-9777,1/11/2019,47428
Greg,Mata,jaredjuarez@carroll.org,-9933,8/16/2001,47429
Clifford,Jacobson,joseph26@jacobson.com,-9213,3/14/1982,47430
Joanna,Kirk,tuckerangie@salazar.net,-9997,5/31/2006,47431
Maxwell,Frye,fgibson@drake-webb.com,-1790,5/12/1989,47432
Kiara,Houston,blanchardbob@wallace-shannon.com,-4078,4/21/2019,47433
Colleen,Howard,rsingleton@ryan-cherry.com,-7401,4/20/2015,47434
Janet,Valenzuela,stefanie71@spence.com,-4443,12/19/1992,47435
Shane,Wilcox,mariah88@santos.com,-2496,9/21/1972,47436
Marcus,Moody,donnamullins@norris-barrett.org,-5189,5/16/1977,47437
Dakota,Poole,stacey67@fields.org,-1150,3/18/1991,47438
Frederick,Harper,jacobkhan@bright.biz,-2443,11/7/2006,47439
Stefanie,Fitzpatrick,wterrell@clark.com,-771,8/19/1993,47440
Kent,Bradshaw,qjimenez@boyd.com,-1657,10/5/1996,47441
Jack,Tate,gfigueroa@boone-zavala.com,-9845,7/10/1973,47442
Tom,Trujillo,tapiagreg@beard.info,-4614,10/17/1993,47443
Gabriel,Mejia,coleolson@jennings.net,-3639,2/12/2010,47444
Kaitlyn,Santana,georgeross@miles.org,-4243,6/21/1996,47445
Faith,Moon,willistonya@randolph-baker.com,-8167,12/26/1997,47446
Tammie,Haley,harrisisaiah@jenkins.com,-2084,8/2/1995,47447
Nicholas,Sosa,fwolfe@dorsey.com,-5976,6/19/2009,47448
Jordan,Gay,tiffanydavies@harris-mcfarland.org,-5059,7/16/1971,47449
Bruce,Esparza,preese@frye-vega.com,-9529,3/16/1980,47450
Sherry,Garza,ann48@miller.com,-6697,5/15/2003,47451
Natalie,Gentry,tcummings@fitzpatrick-ashley.com,-7747,8/28/1997,47452
Bryan,Dunn,woodwardandres@phelps.com,-4705,11/12/1977,47453
Wayne,Simpson,barbarapittman@holder.com,-4816,3/22/1995,47454
Luis,Greer,bstuart@williamson-mcclure.com,-9008,3/23/2021,47455
Rhonda,Frost,zkrueger@wolf-chavez.net,-7422,8/21/1999,47456
Joanne,Montes,juan80@henson.net,-1366,1/26/1987,47457
Geoffrey,Guzman,bauercrystal@gay.com,-1473,6/12/1999,47458
Gloria,Mccall,bartlettjenna@zuniga-moss.biz,-2863,11/10/1998,47459
Brady,Cohen,mccalltyrone@durham-rose.biz,-8024,8/24/1996,47460
Latoya,Mccann,bobhammond@barry.biz,-6371,7/3/1979,47461
Gerald,Hawkins,uwarner@steele-arias.com,-8885,3/16/2005,47462
Samuel,Crawford,xpittman@ritter-carney.net,-2930,5/21/1985,47463
Patricia,Goodwin,vaughanchristy@lara.biz,-2372,4/3/2010,47464
Stacie,Richard,clinton85@colon-arias.org,-6567,4/3/1975,47465
Robin,West,greenemiranda@zimmerman.com,-4271,9/1/1989,47466
Ralph,Haas,goodmancesar@figueroa.biz,-6073,2/5/2006,47467
Phyllis,Maldonado,yhanson@warner-diaz.org,-8047,7/13/1979,47468
Danny,Parrish,howelldarren@house-cohen.com,-2794,9/18/2004,47469
Kathy,Hill,ncamacho@boone-simmons.org,-6548,11/12/2019,47470
Kelli,Hardy,kristopher62@oliver.com,-6972,10/21/2009,47471
Lynn,Pham,mpham@rios-guzman.com,-2294,2/4/2016,47472
Shelley,Harris,zachary96@mitchell-bryant.org,-8901,12/29/2010,47473
Eddie,Jimenez,kristiwhitney@bernard.com,-5048,3/4/2011,47474
Chloe,Hutchinson,leah85@sutton-terrell.com,-1921,1/6/2014,47475
Eileen,Lynch,levigiles@vincent.com,-775,12/1/2007,47476
Fernando,Lambert,fisherlinda@schaefer.net,-5527,7/25/1971,47477
Makayla,Cannon,scottcurtis@hurley.biz,-4046,3/11/1986,47478
Tom,Alvarado,nicholsonnina@montgomery.info,-9864,9/11/2005,47479
Virginia,Dudley,zvalencia@phelps.com,-2789,1/2/1978,47480
Riley,Good,alex06@galloway.com,-5586,8/4/2006,47481
Alexandria,Buck,lee48@manning.com,-9144,5/6/1999,47482
Richard,Roth,aharper@maddox-townsend.org,-4503,6/12/1975,47483
Candice,Keller,buckleycory@odonnell.net,-10880,6/16/1991,47484
Anita,Benson,angie04@oconnell.com,-4463,4/17/1976,47485
Regina,Stein,zrosario@rojas-hardin.net,-9746,5/23/2023,47486
Debra,Riddle,shieldskerry@robles.com,-7597,5/14/1982,47487
Brittany,Zuniga,mchandler@cochran-huerta.org,-405,11/16/1972,47488
Cassidy,Mcmahon,katrinalane@fitzgerald.com,-4818,3/6/1977,47489
Laurie,Pennington,cookejill@powell.com,-10338,4/12/2006,47490
Alejandro,Blair,elizabethbarr@ewing.com,-8717,11/16/2004,47491
Leslie,Jennings,corey75@wiggins.com,-2007,7/24/2021,47492
Kathleen,Mckay,chloelester@higgins-wilkinson.com,-6063,10/30/2009,47493
Hunter,Moreno,isaac26@benton-finley.com,-3831,7/11/2003,47494
Chad,Davidson,justinwalters@jimenez.com,-1039,10/15/2006,47495
Corey,Holt,maurice46@morgan.com,-5509,5/12/1981,47496
Emma,Cunningham,walter83@juarez.org,-2388,6/2/1984,47497
Duane,Woods,kmercer@wagner.com,-1812,7/14/2014,47498
Alison,Vargas,vcantu@norton.com,-4447,4/23/1992,47499
Vernon,Kane,hilljesse@barrett.info,-2190,12/26/2012,47500
Lori,Flowers,tyrone77@valenzuela.info,-3338,4/7/1984,47501
Nina,Chavez,elliserica@frank.com,-9620,7/28/1989,47502
Shane,Foley,nsteele@sparks.com,-4561,11/12/1972,47503
Collin,Ayers,dudleyemily@gonzales.biz,-8493,3/17/1991,47504
Sherry,Young,alan79@gates-mclaughlin.com,-401,10/3/1984,47505
Darrell,Douglas,grayjean@lowery-good.com,-8960,5/30/1972,47506
Karl,Greer,hhart@jensen.com,-4054,4/8/1986,47507
Lynn,Atkinson,vkemp@ferrell.com,-5130,11/14/1977,47508
Fred,Guerra,swagner@kane.org,-3791,2/21/1977,47509
Yvonne,Farmer,mccarthystephen@horn-green.biz,-3153,4/29/1990,47510
Clarence,Haynes,colleen91@faulkner.biz,-9598,9/5/1987,47511
